{
    "items": [
        {
            "key": "player",
            "sprite": "Fighter",
            "color": [
                1.0,
                1.0,
                1.0
            ],
            "scale": 1.0,
            "maxHp": 100.0,
            "moveSpeed": 5.0,
            "weapons": [
                "rifle"
            ]
        },
        {
            "key": "enemyA",
            "sprite": "Fighter",
            "color": [
                1.0,
                0.0,
                0.0
            ],
            "scale": 1.0,
            "maxHp": 1.0,
            "moveSpeed": 3.0,
            "weapons": [
                "enemyA_weapon"
            ]
        },
        {
            "key": "enemyB",
            "sprite": "Bomber",
            "color": [
                1.0,
                0.0,
                0.0
            ],
            "scale": 1.2000000476837159,
            "maxHp": 10.0,
            "moveSpeed": 2.0,
            "weapons": [
                "enemyB_weapon"
            ]
        },
        {
            "key": "enemyC",
            "sprite": "Bomber",
            "color": [
                1.0,
                0.5,
                0.0
            ],
            "scale": 3.0,
            "maxHp": 100.0,
            "moveSpeed": 3.0,
            "weapons": [
                "enemyC_weapon"
            ]
        }
    ]
}