{
    "languageList": [
        "kr"
    ],
    "languages": [
        {
            "key": "kr",
            "increaseStatus": "[0] 증가",
            "increaseBaseStatus": "기본 [0] 증가",
            "hp": "체력",
            "heal": "회복",
            "healInformation": "체력 [0] 회복",
            "damage": "공격력",
            "moveSpeed": "이동 속도",
            "credit": "크레딧",
            "creditBonus": "크레딧 보너스",
            "getCredit": "크레딧 [0] 획득",
            "choiceCount": "강화 선택지",
            "weapon_projectile_maxHp": "투사체 체력",
            "weapon_projectile_damage": "투사체 공격력",
            "weapon_projectile_range": "투사체 폭발 범위",
            "weapon_projectile_speed": "투사체 이동 속도",
            "weapon_projectile_scale": "투사체 크기",
            "weapon_projectile_homming": "투사체 선회력",
            "weapon_projectile_lifetime": "투사체 유지 시간",
            "weapon_fireCount": "동시 발사 개수",
            "weapon_angleRange": "방사각",
            "weapon_continuousCount": "연사 횟수",
            "weapon_interval": "공격 대기 시간",
            "weapons": [
                {
                    "key": "rifle",
                    "name": "라이플",
                    "information": "여러발의 탄환을 연사합니다."
                },
                {
                    "key": "missile",
                    "name": "미사일",
                    "information": "적을 추적하는 미사일을 발사합니다.\n미사일은 적의 투사체를 타격하지 않습니다."
                },
                {
                    "key": "shotgun",
                    "name": "산탄총",
                    "information": "짧은 거리로 많은 탄환을 발사합니다."
                },
                {
                    "key": "torpedo",
                    "name": "어뢰",
                    "information": "강력하지만 느린 미사일을 발사합니다."
                },
                {
                    "key": "e_weak_rifle",
                    "name": "",
                    "information": ""
                },
                {
                    "key": "e_big_missile",
                    "name": "",
                    "information": ""
                },
                {
                    "key": "e_3way_rifle",
                    "name": "",
                    "information": ""
                },
                {
                    "key": "e_aircraft_carrier",
                    "name": "",
                    "information": ""
                },
                {
                    "key": "e_minigun",
                    "name": "",
                    "information": ""
                },
                {
                    "key": "e_minigun2",
                    "name": "",
                    "information": ""
                },
                {
                    "key": "e_ballista",
                    "name": "",
                    "information": ""
                }
            ]
        }
    ]
}