{
    "stageUpgrades": {
        "choiceCount": 2,
        "increaseHp": {
            "weight": 1.0,
            "power": [
                0.0,
                1.0,
                2.0,
                3.0
            ]
        },
        "increaseMoveSpeed": {
            "weight": 1.0,
            "power": [
                0.0,
                0.20000000298023225,
                0.4000000059604645,
                0.6000000238418579,
                0.800000011920929,
                1.0,
                1.2999999523162842,
                1.600000023841858,
                2.0
            ]
        },
        "increaseCredit": {
            "weight": 1.0,
            "power": [
                0.0,
                0.20000000298023225,
                0.4000000059604645,
                0.6000000238418579,
                0.800000011920929,
                1.0
            ]
        },
        "heal": {
            "weight": 10000.0,
            "power": [
                2.0
            ]
        },
        "credit": {
            "weight": 1.0,
            "power": [
                50.0
            ]
        }
    },
    "permanentUpgrades": {
        "increaseHp": {
            "levels": [
                {
                    "cost": 0,
                    "power": 0.0
                },
                {
                    "cost": 300,
                    "power": 1.0
                },
                {
                    "cost": 600,
                    "power": 2.0
                }
            ]
        },
        "increaseDamage": {
            "levels": [
                {
                    "cost": 0,
                    "power": 0.0
                },
                {
                    "cost": 200,
                    "power": 0.10000000149011612
                },
                {
                    "cost": 400,
                    "power": 0.20000000298023225
                },
                {
                    "cost": 600,
                    "power": 0.30000001192092898
                },
                {
                    "cost": 800,
                    "power": 0.4000000059604645
                },
                {
                    "cost": 1000,
                    "power": 0.5
                }
            ]
        },
        "increaseMoveSpeed": {
            "levels": [
                {
                    "cost": 0,
                    "power": 0.0
                },
                {
                    "cost": 200,
                    "power": 1.0
                },
                {
                    "cost": 400,
                    "power": 2.0
                },
                {
                    "cost": 600,
                    "power": 3.0
                },
                {
                    "cost": 800,
                    "power": 4.0
                },
                {
                    "cost": 1000,
                    "power": 5.0
                }
            ]
        },
        "increaseCreditBonus": {
            "levels": [
                {
                    "cost": 0,
                    "power": 0.0
                },
                {
                    "cost": 200,
                    "power": 0.10000000149011612
                },
                {
                    "cost": 400,
                    "power": 0.20000000298023225
                },
                {
                    "cost": 600,
                    "power": 0.30000001192092898
                },
                {
                    "cost": 800,
                    "power": 0.4000000059604645
                },
                {
                    "cost": 1000,
                    "power": 0.5
                }
            ]
        },
        "increaseChoiceCount": {
            "levels": [
                {
                    "cost": 0,
                    "power": 0.0
                },
                {
                    "cost": 600,
                    "power": 1.0
                },
                {
                    "cost": 1500,
                    "power": 2.0
                }
            ]
        }
    }
}