{
    "items": [
        {
            "key": "rifle",
            "forPlayer": true,
            "weight": 1.0,
            "projectile": {
                "sprite": "Bullet",
                "maxHp": 0.0,
                "damage": 2.0,
                "range": 0.0,
                "speed": 25.0,
                "scale": 0.6000000238418579,
                "homming": 2.0,
                "lifetime": 3.0,
                "hitProjectile": true
            },
            "fireType": "FrontEvenSpread",
            "fireCount": 1,
            "continuousCount": 3,
            "interval": 1.0,
            "angleRange": 0.0,
            "upgrades": [
                {
                    "fixes": [
                        {
                            "key": "continuousCount",
                            "fixTo": 5.0
                        }
                    ]
                },
                {
                    "fixes": [
                        {
                            "key": "projectile/damage",
                            "fixTo": 3.0
                        }
                    ]
                },
                {
                    "fixes": [
                        {
                            "key": "continuousCount",
                            "fixTo": 7.0
                        }
                    ]
                },
                {
                    "fixes": [
                        {
                            "key": "projectile/damage",
                            "fixTo": 4.0
                        }
                    ]
                }
            ]
        },
        {
            "key": "missile",
            "forPlayer": true,
            "weight": 1.0,
            "projectile": {
                "sprite": "Missile",
                "maxHp": 0.0,
                "damage": 12.0,
                "range": 3.0,
                "speed": 15.0,
                "scale": 1.0,
                "homming": 180.0,
                "lifetime": 3.0,
                "hitProjectile": false
            },
            "fireType": "Random",
            "fireCount": 1,
            "continuousCount": 1,
            "interval": 7.0,
            "angleRange": 360.0,
            "upgrades": [
                {
                    "fixes": [
                        {
                            "key": "projectile/damage",
                            "fixTo": 18.0
                        },
                        {
                            "key": "fireCount",
                            "fixTo": 2.0
                        }
                    ]
                },
                {
                    "fixes": [
                        {
                            "key": "projectile/damage",
                            "fixTo": 24.0
                        },
                        {
                            "key": "fireCount",
                            "fixTo": 3.0
                        }
                    ]
                }
            ]
        },
        {
            "key": "shotgun",
            "forPlayer": true,
            "weight": 1.0,
            "projectile": {
                "sprite": "Bullet",
                "maxHp": 0.0,
                "damage": 2.0,
                "range": 0.0,
                "speed": 60.0,
                "scale": 0.30000001192092898,
                "homming": 0.0,
                "lifetime": 0.15000000596046449,
                "hitProjectile": true
            },
            "fireType": "FrontEvenSpread",
            "fireCount": 5,
            "continuousCount": 1,
            "interval": 2.200000047683716,
            "angleRange": 45.0,
            "upgrades": [
                {
                    "fixes": [
                        {
                            "key": "projectile/lifetime",
                            "fixTo": 0.25
                        },
                        {
                            "key": "fireCount",
                            "fixTo": 7.0
                        }
                    ]
                },
                {
                    "fixes": [
                        {
                            "key": "projectile/lifetime",
                            "fixTo": 0.4000000059604645
                        },
                        {
                            "key": "fireCount",
                            "fixTo": 9.0
                        }
                    ]
                }
            ]
        },
        {
            "key": "torpedo",
            "forPlayer": true,
            "weight": 1.0,
            "projectile": {
                "sprite": "Bomb",
                "maxHp": 30.0,
                "damage": 30.0,
                "range": 8.0,
                "speed": 3.0,
                "scale": 2.0,
                "homming": 0.0,
                "lifetime": 5.0,
                "hitProjectile": true
            },
            "fireType": "FrontArrow",
            "fireCount": 1,
            "continuousCount": 1,
            "interval": 8.0,
            "angleRange": 0.0,
            "upgrades": [
                {
                    "fixes": [
                        {
                            "key": "projectile/range",
                            "fixTo": 12.0
                        }
                    ]
                },
                {
                    "fixes": [
                        {
                            "key": "projectile/maxHp",
                            "fixTo": 45.0
                        }
                    ]
                },
                {
                    "fixes": [
                        {
                            "key": "fireCount",
                            "fixTo": 2.0
                        }
                    ]
                },
                {
                    "fixes": [
                        {
                            "key": "projectile/range",
                            "fixTo": 20.0
                        }
                    ]
                },
                {
                    "fixes": [
                        {
                            "key": "projectile/maxHp",
                            "fixTo": 60.0
                        }
                    ]
                },
                {
                    "fixes": [
                        {
                            "key": "fireCount",
                            "fixTo": 3.0
                        }
                    ]
                }
            ]
        },
        {
            "key": "e_weak_rifle",
            "forPlayer": false,
            "weight": 1.0,
            "projectile": {
                "sprite": "Bullet",
                "maxHp": 0.0,
                "damage": 3.0,
                "range": 0.0,
                "speed": 10.0,
                "scale": 0.6000000238418579,
                "homming": 0.0,
                "lifetime": 10.0,
                "hitProjectile": true
            },
            "fireType": "FrontEvenSpread",
            "fireCount": 1,
            "continuousCount": 3,
            "interval": 2.0,
            "angleRange": 0.0,
            "upgrades": []
        },
        {
            "key": "e_big_missile",
            "forPlayer": false,
            "weight": 1.0,
            "projectile": {
                "sprite": "Bomb",
                "maxHp": 5.0,
                "damage": 10.0,
                "range": 3.0,
                "speed": 10.0,
                "scale": 1.5,
                "homming": 30.0,
                "lifetime": 10.0,
                "hitProjectile": true
            },
            "fireType": "FrontEvenSpread",
            "fireCount": 1,
            "continuousCount": 1,
            "interval": 3.5,
            "angleRange": 0.0,
            "upgrades": []
        },
        {
            "key": "e_3way_rifle",
            "forPlayer": false,
            "weight": 1.0,
            "projectile": {
                "sprite": "Bullet",
                "maxHp": 0.0,
                "damage": 5.0,
                "range": 0.0,
                "speed": 20.0,
                "scale": 1.0,
                "homming": 0.0,
                "lifetime": 10.0,
                "hitProjectile": true
            },
            "fireType": "FrontEvenSpread",
            "fireCount": 3,
            "continuousCount": 35,
            "interval": 5.0,
            "angleRange": 80.0,
            "upgrades": []
        },
        {
            "key": "e_aircraft_carrier",
            "forPlayer": false,
            "weight": 1.0,
            "projectile": {
                "sprite": "Fighter",
                "maxHp": 1.0,
                "damage": 15.0,
                "range": 3.0,
                "speed": 15.0,
                "scale": 1.0,
                "homming": 70.0,
                "lifetime": 30.0,
                "hitProjectile": true
            },
            "fireType": "Random",
            "fireCount": 3,
            "continuousCount": 1,
            "interval": 5.0,
            "angleRange": 360.0,
            "upgrades": []
        },
        {
            "key": "e_minigun",
            "forPlayer": false,
            "weight": 1.0,
            "projectile": {
                "sprite": "Bullet",
                "maxHp": 0.0,
                "damage": 5.0,
                "range": 0.0,
                "speed": 15.0,
                "scale": 0.699999988079071,
                "homming": 0.0,
                "lifetime": 5.0,
                "hitProjectile": true
            },
            "fireType": "Random",
            "fireCount": 1,
            "continuousCount": 20,
            "interval": 3.4000000953674318,
            "angleRange": 50.0,
            "upgrades": []
        },
        {
            "key": "e_minigun2",
            "forPlayer": false,
            "weight": 1.0,
            "projectile": {
                "sprite": "Bullet",
                "maxHp": 0.0,
                "damage": 1.0,
                "range": 0.0,
                "speed": 30.0,
                "scale": 0.30000001192092898,
                "homming": 0.0,
                "lifetime": 5.0,
                "hitProjectile": true
            },
            "fireType": "Random",
            "fireCount": 1,
            "continuousCount": 10,
            "interval": 2.0,
            "angleRange": 8.0,
            "upgrades": []
        },
        {
            "key": "e_ballista",
            "forPlayer": false,
            "weight": 1.0,
            "projectile": {
                "sprite": "Ballista",
                "maxHp": 0.0,
                "damage": 30.0,
                "range": 0.0,
                "speed": 30.0,
                "scale": 3.5999999046325685,
                "homming": 0.0,
                "lifetime": 30.0,
                "hitProjectile": true
            },
            "fireType": "FrontArrow",
            "fireCount": 1,
            "continuousCount": 1,
            "interval": 2.0,
            "angleRange": 0.0,
            "upgrades": []
        }
    ]
}